timestamp,core_cpi
1957-01-01T00:00:00Z,28.5000000000
1957-02-01T00:00:00Z,28.6000000000
1957-03-01T00:00:00Z,28.7000000000
1957-04-01T00:00:00Z,28.8000000000
1957-05-01T00:00:00Z,28.8000000000
1957-06-01T00:00:00Z,28.9000000000
1957-07-01T00:00:00Z,29.0000000000
1957-08-01T00:00:00Z,29.0000000000
1957-09-01T00:00:00Z,29.1000000000
1957-10-01T00:00:00Z,29.2000000000
1957-11-01T00:00:00Z,29.3000000000
1957-12-01T00:00:00Z,29.3000000000
1958-01-01T00:00:00Z,29.3000000000
1958-02-01T00:00:00Z,29.4000000000
1958-03-01T00:00:00Z,29.5000000000
1958-04-01T00:00:00Z,29.5000000000
1958-05-01T00:00:00Z,29.5000000000
1958-06-01T00:00:00Z,29.6000000000
1958-07-01T00:00:00Z,29.6000000000
1958-08-01T00:00:00Z,29.6000000000
1958-09-01T00:00:00Z,29.7000000000
1958-10-01T00:00:00Z,29.7000000000
1958-11-01T00:00:00Z,29.8000000000
1958-12-01T00:00:00Z,29.9000000000
1959-01-01T00:00:00Z,29.9000000000
1959-02-01T00:00:00Z,29.9000000000
1959-03-01T00:00:00Z,30.0000000000
1959-04-01T00:00:00Z,30.0000000000
1959-05-01T00:00:00Z,30.1000000000
1959-06-01T00:00:00Z,30.2000000000
1959-07-01T00:00:00Z,30.2000000000
1959-08-01T00:00:00Z,30.2000000000
1959-09-01T00:00:00Z,30.3000000000
1959-10-01T00:00:00Z,30.4000000000
1959-11-01T00:00:00Z,30.4000000000
1959-12-01T00:00:00Z,30.5000000000
1960-01-01T00:00:00Z,30.5000000000
1960-02-01T00:00:00Z,30.6000000000
1960-03-01T00:00:00Z,30.6000000000
1960-04-01T00:00:00Z,30.6000000000
1960-05-01T00:00:00Z,30.6000000000
1960-06-01T00:00:00Z,30.7000000000
1960-07-01T00:00:00Z,30.6000000000
1960-08-01T00:00:00Z,30.6000000000
1960-09-01T00:00:00Z,30.6000000000
1960-10-01T00:00:00Z,30.8000000000
1960-11-01T00:00:00Z,30.8000000000
1960-12-01T00:00:00Z,30.7000000000
1961-01-01T00:00:00Z,30.8000000000
1961-02-01T00:00:00Z,30.8000000000
1961-03-01T00:00:00Z,30.9000000000
1961-04-01T00:00:00Z,30.9000000000
1961-05-01T00:00:00Z,30.9000000000
1961-06-01T00:00:00Z,31.0000000000
1961-07-01T00:00:00Z,31.0000000000
1961-08-01T00:00:00Z,31.1000000000
1961-09-01T00:00:00Z,31.1000000000
1961-10-01T00:00:00Z,31.1000000000
1961-11-01T00:00:00Z,31.2000000000
1961-12-01T00:00:00Z,31.2000000000
1962-01-01T00:00:00Z,31.2000000000
1962-02-01T00:00:00Z,31.2000000000
1962-03-01T00:00:00Z,31.3000000000
1962-04-01T00:00:00Z,31.3000000000
1962-05-01T00:00:00Z,31.4000000000
1962-06-01T00:00:00Z,31.4000000000
1962-07-01T00:00:00Z,31.4000000000
1962-08-01T00:00:00Z,31.5000000000
1962-09-01T00:00:00Z,31.5000000000
1962-10-01T00:00:00Z,31.5000000000
1962-11-01T00:00:00Z,31.5000000000
1962-12-01T00:00:00Z,31.6000000000
1963-01-01T00:00:00Z,31.5000000000
1963-02-01T00:00:00Z,31.6000000000
1963-03-01T00:00:00Z,31.7000000000
1963-04-01T00:00:00Z,31.7000000000
1963-05-01T00:00:00Z,31.7000000000
1963-06-01T00:00:00Z,31.8000000000
1963-07-01T00:00:00Z,31.8000000000
1963-08-01T00:00:00Z,31.9000000000
1963-09-01T00:00:00Z,31.9000000000
1963-10-01T00:00:00Z,32.0000000000
1963-11-01T00:00:00Z,32.0000000000
1963-12-01T00:00:00Z,32.1000000000
1964-01-01T00:00:00Z,32.2000000000
1964-02-01T00:00:00Z,32.2000000000
1964-03-01T00:00:00Z,32.2000000000
1964-04-01T00:00:00Z,32.2000000000
1964-05-01T00:00:00Z,32.2000000000
1964-06-01T00:00:00Z,32.3000000000
1964-07-01T00:00:00Z,32.3000000000
1964-08-01T00:00:00Z,32.3000000000
1964-09-01T00:00:00Z,32.3000000000
1964-10-01T00:00:00Z,32.4000000000
1964-11-01T00:00:00Z,32.5000000000
1964-12-01T00:00:00Z,32.5000000000
1965-01-01T00:00:00Z,32.6000000000
1965-02-01T00:00:00Z,32.6000000000
1965-03-01T00:00:00Z,32.6000000000
1965-04-01T00:00:00Z,32.7000000000
1965-05-01T00:00:00Z,32.7000000000
1965-06-01T00:00:00Z,32.7000000000
1965-07-01T00:00:00Z,32.7000000000
1965-08-01T00:00:00Z,32.7000000000
1965-09-01T00:00:00Z,32.8000000000
1965-10-01T00:00:00Z,32.8000000000
1965-11-01T00:00:00Z,32.9000000000
1965-12-01T00:00:00Z,33.0000000000
1966-01-01T00:00:00Z,33.0000000000
1966-02-01T00:00:00Z,33.1000000000
1966-03-01T00:00:00Z,33.1000000000
1966-04-01T00:00:00Z,33.3000000000
1966-05-01T00:00:00Z,33.4000000000
1966-06-01T00:00:00Z,33.5000000000
1966-07-01T00:00:00Z,33.6000000000
1966-08-01T00:00:00Z,33.7000000000
1966-09-01T00:00:00Z,33.8000000000
1966-10-01T00:00:00Z,34.0000000000
1966-11-01T00:00:00Z,34.0000000000
1966-12-01T00:00:00Z,34.1000000000
1967-01-01T00:00:00Z,34.2000000000
1967-02-01T00:00:00Z,34.2000000000
1967-03-01T00:00:00Z,34.3000000000
1967-04-01T00:00:00Z,34.4000000000
1967-05-01T00:00:00Z,34.5000000000
1967-06-01T00:00:00Z,34.6000000000
1967-07-01T00:00:00Z,34.7000000000
1967-08-01T00:00:00Z,34.9000000000
1967-09-01T00:00:00Z,35.0000000000
1967-10-01T00:00:00Z,35.1000000000
1967-11-01T00:00:00Z,35.2000000000
1967-12-01T00:00:00Z,35.4000000000
1968-01-01T00:00:00Z,35.5000000000
1968-02-01T00:00:00Z,35.7000000000
1968-03-01T00:00:00Z,35.8000000000
1968-04-01T00:00:00Z,35.9000000000
1968-05-01T00:00:00Z,36.0000000000
1968-06-01T00:00:00Z,36.2000000000
1968-07-01T00:00:00Z,36.4000000000
1968-08-01T00:00:00Z,36.5000000000
1968-09-01T00:00:00Z,36.7000000000
1968-10-01T00:00:00Z,36.9000000000
1968-11-01T00:00:00Z,37.1000000000
1968-12-01T00:00:00Z,37.2000000000
1969-01-01T00:00:00Z,37.3000000000
1969-02-01T00:00:00Z,37.6000000000
1969-03-01T00:00:00Z,37.8000000000
1969-04-01T00:00:00Z,38.1000000000
1969-05-01T00:00:00Z,38.1000000000
1969-06-01T00:00:00Z,38.3000000000
1969-07-01T00:00:00Z,38.5000000000
1969-08-01T00:00:00Z,38.7000000000
1969-09-01T00:00:00Z,38.9000000000
1969-10-01T00:00:00Z,39.1000000000
1969-11-01T00:00:00Z,39.2000000000
1969-12-01T00:00:00Z,39.4000000000
1970-01-01T00:00:00Z,39.6000000000
1970-02-01T00:00:00Z,39.8000000000
1970-03-01T00:00:00Z,40.1000000000
1970-04-01T00:00:00Z,40.4000000000
1970-05-01T00:00:00Z,40.5000000000
1970-06-01T00:00:00Z,40.8000000000
1970-07-01T00:00:00Z,40.9000000000
1970-08-01T00:00:00Z,41.1000000000
1970-09-01T00:00:00Z,41.3000000000
1970-10-01T00:00:00Z,41.5000000000
1970-11-01T00:00:00Z,41.8000000000
1970-12-01T00:00:00Z,42.0000000000
1971-01-01T00:00:00Z,42.1000000000
1971-02-01T00:00:00Z,42.2000000000
1971-03-01T00:00:00Z,42.2000000000
1971-04-01T00:00:00Z,42.4000000000
1971-05-01T00:00:00Z,42.6000000000
1971-06-01T00:00:00Z,42.8000000000
1971-07-01T00:00:00Z,42.9000000000
1971-08-01T00:00:00Z,43.0000000000
1971-09-01T00:00:00Z,43.0000000000
1971-10-01T00:00:00Z,43.1000000000
1971-11-01T00:00:00Z,43.2000000000
1971-12-01T00:00:00Z,43.3000000000
1972-01-01T00:00:00Z,43.5000000000
1972-02-01T00:00:00Z,43.6000000000
1972-03-01T00:00:00Z,43.6000000000
1972-04-01T00:00:00Z,43.8000000000
1972-05-01T00:00:00Z,43.9000000000
1972-06-01T00:00:00Z,44.0000000000
1972-07-01T00:00:00Z,44.1000000000
1972-08-01T00:00:00Z,44.3000000000
1972-09-01T00:00:00Z,44.3000000000
1972-10-01T00:00:00Z,44.4000000000
1972-11-01T00:00:00Z,44.4000000000
1972-12-01T00:00:00Z,44.6000000000
1973-01-01T00:00:00Z,44.6000000000
1973-02-01T00:00:00Z,44.8000000000
1973-03-01T00:00:00Z,45.0000000000
1973-04-01T00:00:00Z,45.1000000000
1973-05-01T00:00:00Z,45.3000000000
1973-06-01T00:00:00Z,45.4000000000
1973-07-01T00:00:00Z,45.5000000000
1973-08-01T00:00:00Z,45.7000000000
1973-09-01T00:00:00Z,46.0000000000
1973-10-01T00:00:00Z,46.3000000000
1973-11-01T00:00:00Z,46.5000000000
1973-12-01T00:00:00Z,46.7000000000
1974-01-01T00:00:00Z,46.9000000000
1974-02-01T00:00:00Z,47.2000000000
1974-03-01T00:00:00Z,47.6000000000
1974-04-01T00:00:00Z,47.9000000000
1974-05-01T00:00:00Z,48.5000000000
1974-06-01T00:00:00Z,49.0000000000
1974-07-01T00:00:00Z,49.5000000000
1974-08-01T00:00:00Z,50.2000000000
1974-09-01T00:00:00Z,50.7000000000
1974-10-01T00:00:00Z,51.2000000000
1974-11-01T00:00:00Z,51.6000000000
1974-12-01T00:00:00Z,52.0000000000
1975-01-01T00:00:00Z,52.3000000000
1975-02-01T00:00:00Z,52.8000000000
1975-03-01T00:00:00Z,53.0000000000
1975-04-01T00:00:00Z,53.3000000000
1975-05-01T00:00:00Z,53.5000000000
1975-06-01T00:00:00Z,53.8000000000
1975-07-01T00:00:00Z,54.0000000000
1975-08-01T00:00:00Z,54.2000000000
1975-09-01T00:00:00Z,54.5000000000
1975-10-01T00:00:00Z,54.8000000000
1975-11-01T00:00:00Z,55.2000000000
1975-12-01T00:00:00Z,55.5000000000
1976-01-01T00:00:00Z,55.9000000000
1976-02-01T00:00:00Z,56.2000000000
1976-03-01T00:00:00Z,56.5000000000
1976-04-01T00:00:00Z,56.7000000000
1976-05-01T00:00:00Z,57.0000000000
1976-06-01T00:00:00Z,57.2000000000
1976-07-01T00:00:00Z,57.6000000000
1976-08-01T00:00:00Z,57.9000000000
1976-09-01T00:00:00Z,58.2000000000
1976-10-01T00:00:00Z,58.5000000000
1976-11-01T00:00:00Z,58.7000000000
1976-12-01T00:00:00Z,58.9000000000
1977-01-01T00:00:00Z,59.3000000000
1977-02-01T00:00:00Z,59.7000000000
1977-03-01T00:00:00Z,60.0000000000
1977-04-01T00:00:00Z,60.3000000000
1977-05-01T00:00:00Z,60.6000000000
1977-06-01T00:00:00Z,61.0000000000
1977-07-01T00:00:00Z,61.2000000000
1977-08-01T00:00:00Z,61.5000000000
1977-09-01T00:00:00Z,61.8000000000
1977-10-01T00:00:00Z,62.0000000000
1977-11-01T00:00:00Z,62.3000000000
1977-12-01T00:00:00Z,62.7000000000
1978-01-01T00:00:00Z,63.1000000000
1978-02-01T00:00:00Z,63.4000000000
1978-03-01T00:00:00Z,63.8000000000
1978-04-01T00:00:00Z,64.3000000000
1978-05-01T00:00:00Z,64.7000000000
1978-06-01T00:00:00Z,65.2000000000
1978-07-01T00:00:00Z,65.6000000000
1978-08-01T00:00:00Z,66.1000000000
1978-09-01T00:00:00Z,66.7000000000
1978-10-01T00:00:00Z,67.2000000000
1978-11-01T00:00:00Z,67.6000000000
1978-12-01T00:00:00Z,68.0000000000
1979-01-01T00:00:00Z,68.5000000000
1979-02-01T00:00:00Z,69.2000000000
1979-03-01T00:00:00Z,69.8000000000
1979-04-01T00:00:00Z,70.3000000000
1979-05-01T00:00:00Z,70.8000000000
1979-06-01T00:00:00Z,71.3000000000
1979-07-01T00:00:00Z,71.9000000000
1979-08-01T00:00:00Z,72.7000000000
1979-09-01T00:00:00Z,73.3000000000
1979-10-01T00:00:00Z,74.0000000000
1979-11-01T00:00:00Z,74.8000000000
1979-12-01T00:00:00Z,75.7000000000
1980-01-01T00:00:00Z,76.7000000000
1980-02-01T00:00:00Z,77.5000000000
1980-03-01T00:00:00Z,78.6000000000
1980-04-01T00:00:00Z,79.5000000000
1980-05-01T00:00:00Z,80.1000000000
1980-06-01T00:00:00Z,81.0000000000
1980-07-01T00:00:00Z,80.8000000000
1980-08-01T00:00:00Z,81.3000000000
1980-09-01T00:00:00Z,82.1000000000
1980-10-01T00:00:00Z,83.0000000000
1980-11-01T00:00:00Z,83.9000000000
1980-12-01T00:00:00Z,84.9000000000
1981-01-01T00:00:00Z,85.4000000000
1981-02-01T00:00:00Z,85.9000000000
1981-03-01T00:00:00Z,86.4000000000
1981-04-01T00:00:00Z,87.0000000000
1981-05-01T00:00:00Z,87.8000000000
1981-06-01T00:00:00Z,88.6000000000
1981-07-01T00:00:00Z,89.8000000000
1981-08-01T00:00:00Z,90.7000000000
1981-09-01T00:00:00Z,91.8000000000
1981-10-01T00:00:00Z,92.1000000000
1981-11-01T00:00:00Z,92.5000000000
1981-12-01T00:00:00Z,93.0000000000
1982-01-01T00:00:00Z,93.3000000000
1982-02-01T00:00:00Z,93.8000000000
1982-03-01T00:00:00Z,93.9000000000
1982-04-01T00:00:00Z,94.7000000000
1982-05-01T00:00:00Z,95.4000000000
1982-06-01T00:00:00Z,96.1000000000
1982-07-01T00:00:00Z,96.7000000000
1982-08-01T00:00:00Z,97.1000000000
1982-09-01T00:00:00Z,97.2000000000
1982-10-01T00:00:00Z,97.5000000000
1982-11-01T00:00:00Z,97.3000000000
1982-12-01T00:00:00Z,97.2000000000
1983-01-01T00:00:00Z,97.6000000000
1983-02-01T00:00:00Z,98.0000000000
1983-03-01T00:00:00Z,98.2000000000
1983-04-01T00:00:00Z,98.6000000000
1983-05-01T00:00:00Z,98.9000000000
1983-06-01T00:00:00Z,99.2000000000
1983-07-01T00:00:00Z,99.8000000000
1983-08-01T00:00:00Z,100.1000000000
1983-09-01T00:00:00Z,100.5000000000
1983-10-01T00:00:00Z,101.0000000000
1983-11-01T00:00:00Z,101.5000000000
1983-12-01T00:00:00Z,101.8000000000
1984-01-01T00:00:00Z,102.5000000000
1984-02-01T00:00:00Z,102.8000000000
1984-03-01T00:00:00Z,103.2000000000
1984-04-01T00:00:00Z,103.7000000000
1984-05-01T00:00:00Z,104.1000000000
1984-06-01T00:00:00Z,104.5000000000
1984-07-01T00:00:00Z,105.0000000000
1984-08-01T00:00:00Z,105.4000000000
1984-09-01T00:00:00Z,105.8000000000
1984-10-01T00:00:00Z,106.2000000000
1984-11-01T00:00:00Z,106.4000000000
1984-12-01T00:00:00Z,106.8000000000
1985-01-01T00:00:00Z,107.1000000000
1985-02-01T00:00:00Z,107.7000000000
1985-03-01T00:00:00Z,108.1000000000
1985-04-01T00:00:00Z,108.4000000000
1985-05-01T00:00:00Z,108.8000000000
1985-06-01T00:00:00Z,109.1000000000
1985-07-01T00:00:00Z,109.4000000000
1985-08-01T00:00:00Z,109.8000000000
1985-09-01T00:00:00Z,110.0000000000
1985-10-01T00:00:00Z,110.5000000000
1985-11-01T00:00:00Z,111.1000000000
1985-12-01T00:00:00Z,111.4000000000
1986-01-01T00:00:00Z,111.9000000000
1986-02-01T00:00:00Z,112.2000000000
1986-03-01T00:00:00Z,112.5000000000
1986-04-01T00:00:00Z,112.9000000000
1986-05-01T00:00:00Z,113.1000000000
1986-06-01T00:00:00Z,113.4000000000
1986-07-01T00:00:00Z,113.8000000000
1986-08-01T00:00:00Z,114.2000000000
1986-09-01T00:00:00Z,114.6000000000
1986-10-01T00:00:00Z,115.0000000000
1986-11-01T00:00:00Z,115.3000000000
1986-12-01T00:00:00Z,115.6000000000
1987-01-01T00:00:00Z,115.9000000000
1987-02-01T00:00:00Z,116.2000000000
1987-03-01T00:00:00Z,116.6000000000
1987-04-01T00:00:00Z,117.3000000000
1987-05-01T00:00:00Z,117.7000000000
1987-06-01T00:00:00Z,117.9000000000
1987-07-01T00:00:00Z,118.3000000000
1987-08-01T00:00:00Z,118.7000000000
1987-09-01T00:00:00Z,119.2000000000
1987-10-01T00:00:00Z,119.8000000000
1987-11-01T00:00:00Z,120.1000000000
1987-12-01T00:00:00Z,120.4000000000
1988-01-01T00:00:00Z,120.9000000000
1988-02-01T00:00:00Z,121.2000000000
1988-03-01T00:00:00Z,121.7000000000
1988-04-01T00:00:00Z,122.3000000000
1988-05-01T00:00:00Z,122.7000000000
1988-06-01T00:00:00Z,123.2000000000
1988-07-01T00:00:00Z,123.6000000000
1988-08-01T00:00:00Z,124.0000000000
1988-09-01T00:00:00Z,124.7000000000
1988-10-01T00:00:00Z,125.2000000000
1988-11-01T00:00:00Z,125.6000000000
1988-12-01T00:00:00Z,126.0000000000
1989-01-01T00:00:00Z,126.5000000000
1989-02-01T00:00:00Z,126.9000000000
1989-03-01T00:00:00Z,127.4000000000
1989-04-01T00:00:00Z,127.8000000000
1989-05-01T00:00:00Z,128.3000000000
1989-06-01T00:00:00Z,128.8000000000
1989-07-01T00:00:00Z,129.2000000000
1989-08-01T00:00:00Z,129.5000000000
1989-09-01T00:00:00Z,129.9000000000
1989-10-01T00:00:00Z,130.6000000000
1989-11-01T00:00:00Z,131.1000000000
1989-12-01T00:00:00Z,131.6000000000
1990-01-01T00:00:00Z,132.1000000000
1990-02-01T00:00:00Z,132.7000000000
1990-03-01T00:00:00Z,133.5000000000
1990-04-01T00:00:00Z,134.0000000000
1990-05-01T00:00:00Z,134.4000000000
1990-06-01T00:00:00Z,135.1000000000
1990-07-01T00:00:00Z,135.8000000000
1990-08-01T00:00:00Z,136.6000000000
1990-09-01T00:00:00Z,137.1000000000
1990-10-01T00:00:00Z,137.6000000000
1990-11-01T00:00:00Z,138.0000000000
1990-12-01T00:00:00Z,138.6000000000
1991-01-01T00:00:00Z,139.5000000000
1991-02-01T00:00:00Z,140.2000000000
1991-03-01T00:00:00Z,140.5000000000
1991-04-01T00:00:00Z,140.9000000000
1991-05-01T00:00:00Z,141.3000000000
1991-06-01T00:00:00Z,141.8000000000
1991-07-01T00:00:00Z,142.3000000000
1991-08-01T00:00:00Z,142.9000000000
1991-09-01T00:00:00Z,143.4000000000
1991-10-01T00:00:00Z,143.7000000000
1991-11-01T00:00:00Z,144.2000000000
1991-12-01T00:00:00Z,144.7000000000
1992-01-01T00:00:00Z,145.1000000000
1992-02-01T00:00:00Z,145.4000000000
1992-03-01T00:00:00Z,145.9000000000
1992-04-01T00:00:00Z,146.3000000000
1992-05-01T00:00:00Z,146.8000000000
1992-06-01T00:00:00Z,147.1000000000
1992-07-01T00:00:00Z,147.6000000000
1992-08-01T00:00:00Z,147.9000000000
1992-09-01T00:00:00Z,148.1000000000
1992-10-01T00:00:00Z,148.8000000000
1992-11-01T00:00:00Z,149.2000000000
1992-12-01T00:00:00Z,149.6000000000
1993-01-01T00:00:00Z,150.1000000000
1993-02-01T00:00:00Z,150.6000000000
1993-03-01T00:00:00Z,150.8000000000
1993-04-01T00:00:00Z,151.4000000000
1993-05-01T00:00:00Z,151.8000000000
1993-06-01T00:00:00Z,152.1000000000
1993-07-01T00:00:00Z,152.3000000000
1993-08-01T00:00:00Z,152.8000000000
1993-09-01T00:00:00Z,152.9000000000
1993-10-01T00:00:00Z,153.4000000000
1993-11-01T00:00:00Z,153.9000000000
1993-12-01T00:00:00Z,154.3000000000
1994-01-01T00:00:00Z,154.5000000000
1994-02-01T00:00:00Z,154.8000000000
1994-03-01T00:00:00Z,155.3000000000
1994-04-01T00:00:00Z,155.5000000000
1994-05-01T00:00:00Z,155.9000000000
1994-06-01T00:00:00Z,156.4000000000
1994-07-01T00:00:00Z,156.7000000000
1994-08-01T00:00:00Z,157.1000000000
1994-09-01T00:00:00Z,157.5000000000
1994-10-01T00:00:00Z,157.8000000000
1994-11-01T00:00:00Z,158.2000000000
1994-12-01T00:00:00Z,158.3000000000
1995-01-01T00:00:00Z,159.0000000000
1995-02-01T00:00:00Z,159.4000000000
1995-03-01T00:00:00Z,159.9000000000
1995-04-01T00:00:00Z,160.4000000000
1995-05-01T00:00:00Z,160.7000000000
1995-06-01T00:00:00Z,161.1000000000
1995-07-01T00:00:00Z,161.4000000000
1995-08-01T00:00:00Z,161.8000000000
1995-09-01T00:00:00Z,162.2000000000
1995-10-01T00:00:00Z,162.7000000000
1995-11-01T00:00:00Z,163.0000000000
1995-12-01T00:00:00Z,163.1000000000
1996-01-01T00:00:00Z,163.7000000000
1996-02-01T00:00:00Z,164.0000000000
1996-03-01T00:00:00Z,164.4000000000
1996-04-01T00:00:00Z,164.6000000000
1996-05-01T00:00:00Z,165.0000000000
1996-06-01T00:00:00Z,165.4000000000
1996-07-01T00:00:00Z,165.7000000000
1996-08-01T00:00:00Z,166.0000000000
1996-09-01T00:00:00Z,166.5000000000
1996-10-01T00:00:00Z,166.8000000000
1996-11-01T00:00:00Z,167.2000000000
1996-12-01T00:00:00Z,167.4000000000
1997-01-01T00:00:00Z,167.8000000000
1997-02-01T00:00:00Z,168.1000000000
1997-03-01T00:00:00Z,168.4000000000
1997-04-01T00:00:00Z,168.9000000000
1997-05-01T00:00:00Z,169.2000000000
1997-06-01T00:00:00Z,169.4000000000
1997-07-01T00:00:00Z,169.7000000000
1997-08-01T00:00:00Z,169.8000000000
1997-09-01T00:00:00Z,170.2000000000
1997-10-01T00:00:00Z,170.6000000000
1997-11-01T00:00:00Z,170.8000000000
1997-12-01T00:00:00Z,171.2000000000
1998-01-01T00:00:00Z,171.6000000000
1998-02-01T00:00:00Z,171.9000000000
1998-03-01T00:00:00Z,172.2000000000
1998-04-01T00:00:00Z,172.5000000000
1998-05-01T00:00:00Z,172.9000000000
1998-06-01T00:00:00Z,173.2000000000
1998-07-01T00:00:00Z,173.5000000000
1998-08-01T00:00:00Z,174.0000000000
1998-09-01T00:00:00Z,174.2000000000
1998-10-01T00:00:00Z,174.4000000000
1998-11-01T00:00:00Z,174.8000000000
1998-12-01T00:00:00Z,175.4000000000
1999-01-01T00:00:00Z,175.6000000000
1999-02-01T00:00:00Z,175.6000000000
1999-03-01T00:00:00Z,175.7000000000
1999-04-01T00:00:00Z,176.3000000000
1999-05-01T00:00:00Z,176.5000000000
1999-06-01T00:00:00Z,176.6000000000
1999-07-01T00:00:00Z,177.1000000000
1999-08-01T00:00:00Z,177.3000000000
1999-09-01T00:00:00Z,177.8000000000
1999-10-01T00:00:00Z,178.1000000000
1999-11-01T00:00:00Z,178.4000000000
1999-12-01T00:00:00Z,178.7000000000
2000-01-01T00:00:00Z,179.3000000000
2000-02-01T00:00:00Z,179.4000000000
2000-03-01T00:00:00Z,180.0000000000
2000-04-01T00:00:00Z,180.3000000000
2000-05-01T00:00:00Z,180.7000000000
2000-06-01T00:00:00Z,181.1000000000
2000-07-01T00:00:00Z,181.5000000000
2000-08-01T00:00:00Z,181.9000000000
2000-09-01T00:00:00Z,182.3000000000
2000-10-01T00:00:00Z,182.6000000000
2000-11-01T00:00:00Z,183.1000000000
2000-12-01T00:00:00Z,183.3000000000
2001-01-01T00:00:00Z,183.9000000000
2001-02-01T00:00:00Z,184.4000000000
2001-03-01T00:00:00Z,184.7000000000
2001-04-01T00:00:00Z,185.1000000000
2001-05-01T00:00:00Z,185.3000000000
2001-06-01T00:00:00Z,186.0000000000
2001-07-01T00:00:00Z,186.4000000000
2001-08-01T00:00:00Z,186.7000000000
2001-09-01T00:00:00Z,187.1000000000
2001-10-01T00:00:00Z,187.4000000000
2001-11-01T00:00:00Z,188.1000000000
2001-12-01T00:00:00Z,188.4000000000
2002-01-01T00:00:00Z,188.7000000000
2002-02-01T00:00:00Z,189.1000000000
2002-03-01T00:00:00Z,189.2000000000
2002-04-01T00:00:00Z,189.7000000000
2002-05-01T00:00:00Z,190.0000000000
2002-06-01T00:00:00Z,190.2000000000
2002-07-01T00:00:00Z,190.5000000000
2002-08-01T00:00:00Z,191.1000000000
2002-09-01T00:00:00Z,191.3000000000
2002-10-01T00:00:00Z,191.5000000000
2002-11-01T00:00:00Z,191.9000000000
2002-12-01T00:00:00Z,192.1000000000
2003-01-01T00:00:00Z,192.4000000000
2003-02-01T00:00:00Z,192.5000000000
2003-03-01T00:00:00Z,192.5000000000
2003-04-01T00:00:00Z,192.5000000000
2003-05-01T00:00:00Z,192.9000000000
2003-06-01T00:00:00Z,193.0000000000
2003-07-01T00:00:00Z,193.4000000000
2003-08-01T00:00:00Z,193.6000000000
2003-09-01T00:00:00Z,193.7000000000
2003-10-01T00:00:00Z,194.0000000000
2003-11-01T00:00:00Z,194.0000000000
2003-12-01T00:00:00Z,194.2000000000
2004-01-01T00:00:00Z,194.6000000000
2004-02-01T00:00:00Z,194.9000000000
2004-03-01T00:00:00Z,195.5000000000
2004-04-01T00:00:00Z,195.9000000000
2004-05-01T00:00:00Z,196.2000000000
2004-06-01T00:00:00Z,196.6000000000
2004-07-01T00:00:00Z,196.8000000000
2004-08-01T00:00:00Z,196.9000000000
2004-09-01T00:00:00Z,197.5000000000
2004-10-01T00:00:00Z,197.9000000000
2004-11-01T00:00:00Z,198.3000000000
2004-12-01T00:00:00Z,198.6000000000
2005-01-01T00:00:00Z,199.0000000000
2005-02-01T00:00:00Z,199.4000000000
2005-03-01T00:00:00Z,200.1000000000
2005-04-01T00:00:00Z,200.2000000000
2005-05-01T00:00:00Z,200.5000000000
2005-06-01T00:00:00Z,200.6000000000
2005-07-01T00:00:00Z,200.9000000000
2005-08-01T00:00:00Z,201.1000000000
2005-09-01T00:00:00Z,201.3000000000
2005-10-01T00:00:00Z,202.0000000000
2005-11-01T00:00:00Z,202.5000000000
2005-12-01T00:00:00Z,202.8000000000
2006-01-01T00:00:00Z,203.2000000000
2006-02-01T00:00:00Z,203.6000000000
2006-03-01T00:00:00Z,204.3000000000
2006-04-01T00:00:00Z,204.8000000000
2006-05-01T00:00:00Z,205.4000000000
2006-06-01T00:00:00Z,205.9000000000
2006-07-01T00:00:00Z,206.3000000000
2006-08-01T00:00:00Z,206.8000000000
2006-09-01T00:00:00Z,207.2000000000
2006-10-01T00:00:00Z,207.6000000000
2006-11-01T00:00:00Z,207.8000000000
2006-12-01T00:00:00Z,208.1000000000
2007-01-01T00:00:00Z,208.6000000000
2007-02-01T00:00:00Z,209.1350000000
2007-03-01T00:00:00Z,209.4180000000
2007-04-01T00:00:00Z,209.7470000000
2007-05-01T00:00:00Z,210.0580000000
2007-06-01T00:00:00Z,210.3920000000
2007-07-01T00:00:00Z,210.7730000000
2007-08-01T00:00:00Z,211.1190000000
2007-09-01T00:00:00Z,211.5540000000
2007-10-01T00:00:00Z,212.0770000000
2007-11-01T00:00:00Z,212.6600000000
2007-12-01T00:00:00Z,213.1680000000
2008-01-01T00:00:00Z,213.7710000000
2008-02-01T00:00:00Z,213.9390000000
2008-03-01T00:00:00Z,214.4200000000
2008-04-01T00:00:00Z,214.5600000000
2008-05-01T00:00:00Z,214.9360000000
2008-06-01T00:00:00Z,215.4240000000
2008-07-01T00:00:00Z,215.9650000000
2008-08-01T00:00:00Z,216.3930000000
2008-09-01T00:00:00Z,216.7130000000
2008-10-01T00:00:00Z,216.7880000000
2008-11-01T00:00:00Z,216.9470000000
2008-12-01T00:00:00Z,216.9250000000
2009-01-01T00:00:00Z,217.3460000000
2009-02-01T00:00:00Z,217.7920000000
2009-03-01T00:00:00Z,218.2530000000
2009-04-01T00:00:00Z,218.7060000000
2009-05-01T00:00:00Z,218.9040000000
2009-06-01T00:00:00Z,219.1120000000
2009-07-01T00:00:00Z,219.2630000000
2009-08-01T00:00:00Z,219.4960000000
2009-09-01T00:00:00Z,219.9200000000
2009-10-01T00:00:00Z,220.5010000000
2009-11-01T00:00:00Z,220.6660000000
2009-12-01T00:00:00Z,220.8810000000
2010-01-01T00:00:00Z,220.6330000000
2010-02-01T00:00:00Z,220.7310000000
2010-03-01T00:00:00Z,220.7830000000
2010-04-01T00:00:00Z,220.8220000000
2010-05-01T00:00:00Z,220.9620000000
2010-06-01T00:00:00Z,221.1940000000
2010-07-01T00:00:00Z,221.3630000000
2010-08-01T00:00:00Z,221.5090000000
2010-09-01T00:00:00Z,221.7110000000
2010-10-01T00:00:00Z,221.8300000000
2010-11-01T00:00:00Z,222.1490000000
2010-12-01T00:00:00Z,222.3430000000
2011-01-01T00:00:00Z,222.8030000000
2011-02-01T00:00:00Z,223.2130000000
2011-03-01T00:00:00Z,223.4540000000
2011-04-01T00:00:00Z,223.7270000000
2011-05-01T00:00:00Z,224.1750000000
2011-06-01T00:00:00Z,224.6970000000
2011-07-01T00:00:00Z,225.2180000000
2011-08-01T00:00:00Z,225.8620000000
2011-09-01T00:00:00Z,226.1180000000
2011-10-01T00:00:00Z,226.5060000000
2011-11-01T00:00:00Z,226.8990000000
2011-12-01T00:00:00Z,227.4050000000
2012-01-01T00:00:00Z,227.8770000000
2012-02-01T00:00:00Z,228.0340000000
2012-03-01T00:00:00Z,228.4780000000
2012-04-01T00:00:00Z,228.9050000000
2012-05-01T00:00:00Z,229.2240000000
2012-06-01T00:00:00Z,229.6230000000
2012-07-01T00:00:00Z,229.9700000000
2012-08-01T00:00:00Z,230.2330000000
2012-09-01T00:00:00Z,230.6590000000
2012-10-01T00:00:00Z,231.0240000000
2012-11-01T00:00:00Z,231.3300000000
2012-12-01T00:00:00Z,231.7250000000
2013-01-01T00:00:00Z,232.2290000000
2013-02-01T00:00:00Z,232.5690000000
2013-03-01T00:00:00Z,232.7940000000
2013-04-01T00:00:00Z,232.8320000000
2013-05-01T00:00:00Z,232.9960000000
2013-06-01T00:00:00Z,233.3500000000
2013-07-01T00:00:00Z,233.8800000000
2013-08-01T00:00:00Z,234.3360000000
2013-09-01T00:00:00Z,234.7000000000
2013-10-01T00:00:00Z,234.9210000000
2013-11-01T00:00:00Z,235.3590000000
2013-12-01T00:00:00Z,235.7590000000
2014-01-01T00:00:00Z,235.9610000000
2014-02-01T00:00:00Z,236.1850000000
2014-03-01T00:00:00Z,236.6250000000
2014-04-01T00:00:00Z,237.0720000000
2014-05-01T00:00:00Z,237.5290000000
2014-06-01T00:00:00Z,237.8370000000
2014-07-01T00:00:00Z,238.1950000000
2014-08-01T00:00:00Z,238.4050000000
2014-09-01T00:00:00Z,238.7860000000
2014-10-01T00:00:00Z,239.1910000000
2014-11-01T00:00:00Z,239.4580000000
2014-12-01T00:00:00Z,239.5840000000
2015-01-01T00:00:00Z,239.8110000000
2015-02-01T00:00:00Z,240.1720000000
2015-03-01T00:00:00Z,240.7550000000
2015-04-01T00:00:00Z,241.3460000000
2015-05-01T00:00:00Z,241.6880000000
2015-06-01T00:00:00Z,242.0640000000
2015-07-01T00:00:00Z,242.5650000000
2015-08-01T00:00:00Z,242.8170000000
2015-09-01T00:00:00Z,243.3160000000
2015-10-01T00:00:00Z,243.7680000000
2015-11-01T00:00:00Z,244.2410000000
2015-12-01T00:00:00Z,244.5470000000
2016-01-01T00:00:00Z,244.9550000000
2016-02-01T00:00:00Z,245.5100000000
2016-03-01T00:00:00Z,245.9130000000
2016-04-01T00:00:00Z,246.5510000000
2016-05-01T00:00:00Z,247.1370000000
2016-06-01T00:00:00Z,247.5400000000
2016-07-01T00:00:00Z,247.8290000000
2016-08-01T00:00:00Z,248.4230000000
2016-09-01T00:00:00Z,248.8420000000
2016-10-01T00:00:00Z,249.1420000000
2016-11-01T00:00:00Z,249.4810000000
2016-12-01T00:00:00Z,249.9200000000
2017-01-01T00:00:00Z,250.4670000000
2017-02-01T00:00:00Z,250.9980000000
2017-03-01T00:00:00Z,250.9440000000
2017-04-01T00:00:00Z,251.2270000000
2017-05-01T00:00:00Z,251.4300000000
2017-06-01T00:00:00Z,251.7460000000
2017-07-01T00:00:00Z,251.9850000000
2017-08-01T00:00:00Z,252.5350000000
2017-09-01T00:00:00Z,252.8120000000
2017-10-01T00:00:00Z,253.5260000000
2017-11-01T00:00:00Z,253.8160000000
2017-12-01T00:00:00Z,254.3440000000
2018-01-01T00:00:00Z,255.2040000000
2018-02-01T00:00:00Z,255.7110000000
2018-03-01T00:00:00Z,256.2710000000
2018-04-01T00:00:00Z,256.6300000000
2018-05-01T00:00:00Z,257.1450000000
2018-06-01T00:00:00Z,257.3990000000
2018-07-01T00:00:00Z,257.6990000000
2018-08-01T00:00:00Z,257.8910000000
2018-09-01T00:00:00Z,258.3680000000
2018-10-01T00:00:00Z,258.9170000000
2018-11-01T00:00:00Z,259.4390000000
2018-12-01T00:00:00Z,260.0630000000
2019-01-01T00:00:00Z,260.7660000000
2019-02-01T00:00:00Z,261.1860000000
2019-03-01T00:00:00Z,261.5670000000
2019-04-01T00:00:00Z,261.9970000000
2019-05-01T00:00:00Z,262.2170000000
2019-06-01T00:00:00Z,262.7390000000
2019-07-01T00:00:00Z,263.2800000000
2019-08-01T00:00:00Z,263.8770000000
2019-09-01T00:00:00Z,264.3880000000
2019-10-01T00:00:00Z,264.9700000000
2019-11-01T00:00:00Z,265.5480000000
2019-12-01T00:00:00Z,266.0200000000
2020-01-01T00:00:00Z,266.7160000000
2020-02-01T00:00:00Z,267.3700000000
2020-03-01T00:00:00Z,267.0540000000
2020-04-01T00:00:00Z,265.7460000000
2020-05-01T00:00:00Z,265.4120000000
2020-06-01T00:00:00Z,265.8490000000
2020-07-01T00:00:00Z,267.3890000000
2020-08-01T00:00:00Z,268.4220000000
2020-09-01T00:00:00Z,268.9330000000
2020-10-01T00:00:00Z,269.3060000000
2020-11-01T00:00:00Z,269.9810000000
2020-12-01T00:00:00Z,270.3410000000
2021-01-01T00:00:00Z,270.3870000000
2021-02-01T00:00:00Z,270.7930000000
2021-03-01T00:00:00Z,271.4590000000
2021-04-01T00:00:00Z,273.6600000000
2021-05-01T00:00:00Z,275.4650000000
2021-06-01T00:00:00Z,277.6510000000
2021-07-01T00:00:00Z,278.6480000000
2021-08-01T00:00:00Z,278.9970000000
2021-09-01T00:00:00Z,279.6980000000
2021-10-01T00:00:00Z,281.6680000000
2021-11-01T00:00:00Z,283.4060000000
2021-12-01T00:00:00Z,285.1800000000
2022-01-01T00:00:00Z,286.7570000000
2022-02-01T00:00:00Z,288.2730000000
2022-03-01T00:00:00Z,289.0560000000
2022-04-01T00:00:00Z,290.5140000000
2022-05-01T00:00:00Z,292.0630000000
2022-06-01T00:00:00Z,294.0500000000
2022-07-01T00:00:00Z,295.0880000000
2022-08-01T00:00:00Z,296.5350000000
2022-09-01T00:00:00Z,298.2260000000
2022-10-01T00:00:00Z,299.3990000000
2022-11-01T00:00:00Z,300.3250000000
2022-12-01T00:00:00Z,301.3940000000
2023-01-01T00:00:00Z,302.6420000000
2023-02-01T00:00:00Z,304.1230000000
2023-03-01T00:00:00Z,305.1470000000
2023-04-01T00:00:00Z,306.5340000000
2023-05-01T00:00:00Z,307.6520000000
2023-06-01T00:00:00Z,308.3220000000
2023-07-01T00:00:00Z,308.9600000000
2023-08-01T00:00:00Z,309.5800000000
2023-09-01T00:00:00Z,310.5390000000
2023-10-01T00:00:00Z,311.4570000000
2023-11-01T00:00:00Z,312.3920000000
2023-12-01T00:00:00Z,313.1950000000
2024-01-01T00:00:00Z,314.3190000000
2024-02-01T00:00:00Z,315.5640000000
2024-03-01T00:00:00Z,316.7920000000
2024-04-01T00:00:00Z,317.6490000000
2024-05-01T00:00:00Z,318.0950000000
2024-06-01T00:00:00Z,318.3900000000
2024-07-01T00:00:00Z,318.9400000000
2024-08-01T00:00:00Z,319.7500000000
2024-09-01T00:00:00Z,320.7320000000
2024-10-01T00:00:00Z,321.7310000000
2024-11-01T00:00:00Z,322.6570000000
2024-12-01T00:00:00Z,323.2590000000
2025-01-01T00:00:00Z,324.6380000000
2025-02-01T00:00:00Z,325.4650000000
2025-03-01T00:00:00Z,325.6900000000
2025-04-01T00:00:00Z,326.4670000000
2025-05-01T00:00:00Z,326.8930000000
2025-06-01T00:00:00Z,327.6580000000
2025-07-01T00:00:00Z,328.6820000000
2025-08-01T00:00:00Z,329.7000000000
2025-09-01T00:00:00Z,330.4180000000
2025-11-01T00:00:00Z,331.0430000000
2025-12-01T00:00:00Z,331.8140000000
2026-01-01T00:00:00Z,332.7930000000
2026-02-01T00:00:00Z,333.5120000000
2026-03-01T00:00:00Z,334.1650000000
2026-04-01T00:00:00Z,335.4230000000
2026-05-01T00:00:00Z,336.1210000000
2026-06-01T00:00:00Z,336.0650000000
